feature,feature_label,family,group,group_label,group_size,group_share,n_valid,membership_corr,p_value,mean_zscore_in_group,mean_feature_in_group
full_in_degree,Full in-degree,full,interaction_top_1,Interaction Top 1%,1687,0.009994549504715863,168792,0.6803896262432085,0.0,6.771655635573833,2904.346176644932
full_in_degree,Full in-degree,full,interaction_top_1_5,Interaction Top 1-5%,6752,0.04000189582444666,168792,0.2780741904125597,0.0,1.3622461273078483,666.4194312796209
full_in_degree,Full in-degree,full,interaction_top_5_10,Interaction Top 5-10%,8440,0.05000236978055832,168792,0.11159668717880827,0.0,0.4864265480287324,304.0841232227488
full_in_degree,Full in-degree,full,interaction_top_10_20,Interaction Top 10-20%,16879,0.09999881510972083,168792,0.041250748578339644,1.7774607853071415e-64,0.12375306036884233,154.0424788198353
full_in_degree,Full in-degree,full,interaction_top_20_50,Interaction Top 20-50%,50638,0.30000236978055833,168792,-0.08764418592845809,5.17209213636432e-285,-0.13387795002868544,47.457956475374225
full_in_degree,Full in-degree,full,interaction_bottom_50,Interaction Bottom 50%,84396,0.5,168792,-0.23741202481837606,0.0,-0.23741202481837126,4.624875586520688
full_in_degree,Full in-degree,full,high_top_1,High Top 1%,1687,0.009994549504715863,168792,0.5627772418739513,0.0,5.6011049177082235,2420.0776526378186
full_in_degree,Full in-degree,full,high_top_1_5,High Top 1-5%,6752,0.04000189582444666,168792,0.21671295583592737,0.0,1.0616461182065802,542.0582049763033
full_in_degree,Full in-degree,full,high_top_5_10,High Top 5-10%,8440,0.05000236978055832,168792,0.09039060280650058,4.3220354911208235e-303,0.3939936749820612,265.84372037914693
full_in_degree,Full in-degree,full,high_top_10_20,High Top 10-20%,16879,0.09999881510972083,168792,0.04658432488970721,9.847546258419676e-82,0.13975389463222473,160.66218377865988
full_in_degree,Full in-degree,full,high_top_20_50,High Top 20-50%,50638,0.30000236978055833,168792,-0.05910221428119428,1.831255550130547e-130,-0.09027961417294127,65.49502350013823
full_in_degree,Full in-degree,full,high_bottom_50,High Bottom 50%,84396,0.5,168792,-0.21008024181432244,0.0,-0.21008024181431723,15.93230721835158
full_in_strength,Full in-strength,full,interaction_top_1,Interaction Top 1%,1687,0.009994549504715863,168792,0.6374633667311199,0.0,6.344427124251492,20378.702430349735
full_in_strength,Full in-strength,full,interaction_top_1_5,Interaction Top 1-5%,6752,0.04000189582444666,168792,0.2091624607788661,0.0,1.024657310883338,3803.3634478672984
full_in_strength,Full in-strength,full,interaction_top_5_10,Interaction Top 5-10%,8440,0.05000236978055832,168792,0.07386757910835635,7.612287069066274e-203,0.3219732809751425,1613.9405213270143
full_in_strength,Full in-strength,full,interaction_top_10_20,Interaction Top 10-20%,16879,0.09999881510972083,168792,0.022724094770975915,9.894097396969882e-21,0.06817273307608683,823.1487647372475
full_in_strength,Full in-strength,full,interaction_top_20_50,Interaction Top 20-50%,50638,0.30000236978055833,168792,-0.07385370134937888,9.060400571456668e-203,-0.1128127557343807,259.23417196571745
full_in_strength,Full in-strength,full,interaction_bottom_50,Interaction Bottom 50%,84396,0.5,168792,-0.186940903002975,0.0,-0.18694090300299143,28.26568794729608
full_in_strength,Full in-strength,full,high_top_1,High Top 1%,1687,0.009994549504715863,168792,0.6158207701667933,0.0,6.129026704638289,19707.557794902194
full_in_strength,Full in-strength,full,high_top_1_5,High Top 1-5%,6752,0.04000189582444666,168792,0.20112770351296108,0.0,0.9852961714942481,3680.722008293839
full_in_strength,Full in-strength,full,high_top_5_10,High Top 5-10%,8440,0.05000236978055832,168792,0.0693795214678899,3.927335851084965e-179,0.3024107792504416,1552.9876777251184
full_in_strength,Full in-strength,full,high_top_10_20,High Top 10-20%,16879,0.09999881510972083,168792,0.021010169116400367,5.9883487884489615e-18,0.06303092226517236,807.1279104212335
full_in_strength,Full in-strength,full,high_top_20_50,High Top 20-50%,50638,0.30000236978055833,168792,-0.07043027619926118,1.5021376180419995e-184,-0.10758341694460306,275.52774596153085
full_in_strength,Full in-strength,full,high_bottom_50,High Bottom 50%,84396,0.5,168792,-0.17963913748518828,0.0,-0.17963913748519736,51.016529219394286
full_mean_rating,Full mean rating,full,interaction_top_1,Interaction Top 1%,1687,0.009994549504715863,168792,0.025026917649655832,8.348734645078603e-25,0.24908326259924204,6.761165499738883
full_mean_rating,Full mean rating,full,interaction_top_1_5,Interaction Top 1-5%,6752,0.04000189582444666,168792,-0.03445548971769341,1.6223127768272445e-45,-0.1687925706545679,5.638193773454662
full_mean_rating,Full mean rating,full,interaction_top_5_10,Interaction Top 5-10%,8440,0.05000236978055832,168792,-0.06696931182344802,5.136757112963621e-167,-0.29190518103772,5.307349131081305
full_mean_rating,Full mean rating,full,interaction_top_10_20,Interaction Top 10-20%,16879,0.09999881510972083,168792,-0.09238167311464869,0.0,-0.2771468437286734,5.347009705362371
full_mean_rating,Full mean rating,full,interaction_top_20_50,Interaction Top 20-50%,50638,0.30000236978055833,168792,-0.14221334714167305,0.0,-0.21723325033318927,5.5080175121056545
full_mean_rating,Full mean rating,full,interaction_bottom_50,Interaction Bottom 50%,84396,0.5,168792,0.22348668902177557,0.0,0.22348668902177107,6.692378970033552
full_mean_rating,Full mean rating,full,high_top_1,High Top 1%,1687,0.009994549504715863,168792,0.08880623386886713,1.3604139708993634e-292,0.8838542077319257,8.467006726545979
full_mean_rating,Full mean rating,full,high_top_1_5,High Top 1-5%,6752,0.04000189582444666,168792,0.11977358007435492,0.0,0.5867538277033854,7.6685989219058275
full_mean_rating,Full mean rating,full,high_top_5_10,High Top 5-10%,8440,0.05000236978055832,168792,0.08081811628688249,1.5785296828405872e-242,0.35226921441336256,7.038460564961292
full_mean_rating,Full mean rating,full,high_top_10_20,High Top 10-20%,16879,0.09999881510972083,168792,0.04094328877766567,1.5165157642959092e-63,0.1228306748950003,6.421882691115755
full_mean_rating,Full mean rating,full,high_top_20_50,High Top 20-50%,50638,0.30000236978055833,168792,-0.02576334911012386,3.4469646932826315e-26,-0.039353943769326064,5.9860385319068525
full_mean_rating,Full mean rating,full,high_bottom_50,High Bottom 50%,84396,0.5,168792,-0.10079186240707433,0.0,-0.10079186240707345,5.820934354872437
full_authority_score,Full authority,full,interaction_top_1,Interaction Top 1%,1687,0.009994549504715863,168792,0.5896404017081366,0.0,5.868463590833355,0.014409948901729462
full_authority_score,Full authority,full,interaction_top_1_5,Interaction Top 1-5%,6752,0.04000189582444666,168792,0.26092749126867065,0.0,1.2782468734748453,0.0036535954559250546
full_authority_score,Full authority,full,interaction_top_5_10,Interaction Top 5-10%,8440,0.05000236978055832,168792,0.11747589634967123,0.0,0.5120527874308026,0.0018581563938849866
full_authority_score,Full authority,full,interaction_top_10_20,Interaction Top 10-20%,16879,0.09999881510972083,168792,0.06327130792952337,2.906563603365208e-149,0.1898151732918972,0.001103050070015073
full_authority_score,Full authority,full,interaction_top_20_50,Interaction Top 20-50%,50638,0.30000236978055833,168792,-0.05748625887926207,1.598278901983543e-123,-0.08781121545080305,0.0004524821890028562
full_authority_score,Full authority,full,interaction_bottom_50,Interaction Bottom 50%,84396,0.5,168792,-0.2560530413212739,0.0,-0.2560530413212731,5.823750408705335e-05
full_authority_score,Full authority,full,high_top_1,High Top 1%,1687,0.009994549504715863,168792,0.5976110397866613,0.0,5.947792278664166,0.014595841520148388
full_authority_score,Full authority,full,high_top_1_5,High Top 1-5%,6752,0.04000189582444666,168792,0.2755055655451252,0.0,1.3496627973951705,0.003820945924681952
full_authority_score,Full authority,full,high_top_5_10,High Top 5-10%,8440,0.05000236978055832,168792,0.1164058416896533,0.0,0.5073886436498953,0.001847226805562987
full_authority_score,Full authority,full,high_top_10_20,High Top 10-20%,16879,0.09999881510972083,168792,0.05488740626624417,9.154071887170159e-113,0.16466330273391475,0.0010441111513967668
full_authority_score,Full authority,full,high_top_20_50,High Top 20-50%,50638,0.30000236978055833,168792,-0.06942620615430715,2.2654085158437742e-179,-0.10604968327043426,0.0004097435955425508
full_authority_score,Full authority,full,high_bottom_50,High Bottom 50%,84396,0.5,168792,-0.2469123768889665,0.0,-0.24691237688896686,7.965701942095212e-05
full_popularity_rank_pct,Full popularity rank,full,interaction_top_1,Interaction Top 1%,1687,0.009994549504715863,168792,0.1715564315292086,0.0,1.7074350218979732,0.9926510885412104
full_popularity_rank_pct,Full popularity rank,full,interaction_top_1_5,Interaction Top 1-5%,6752,0.04000189582444666,168792,0.32388654121825533,0.0,1.5866743540891253,0.9578078787173265
full_popularity_rank_pct,Full popularity rank,full,interaction_top_5_10,Interaction Top 5-10%,8440,0.05000236978055832,168792,0.32469732444558524,0.0,1.4152875204186612,0.9083574449379802
full_popularity_rank_pct,Full popularity rank,full,interaction_top_10_20,Interaction Top 10-20%,16879,0.09999881510972083,168792,0.3882310342150575,0.0,1.1647007695637908,0.8360553709469498
full_popularity_rank_pct,Full popularity rank,full,interaction_top_20_50,Interaction Top 20-50%,50638,0.30000236978055833,168792,0.3376042483553965,0.0,0.5156960979441374,0.6487973310550268
full_popularity_rank_pct,Full popularity rank,full,interaction_bottom_50,Interaction Bottom 50%,84396,0.5,168792,-0.844963008794821,0.0,-0.8449630087948203,0.2562048453134866
full_popularity_rank_pct,Full popularity rank,full,high_top_1,High Top 1%,1687,0.009994549504715863,168792,0.17192580424524886,0.0,1.711111246134394,0.9937117936097849
full_popularity_rank_pct,Full popularity rank,full,high_top_1_5,High Top 1-5%,6752,0.04000189582444666,168792,0.32551843131417296,0.0,1.5946687528503398,0.9601145114853212
full_popularity_rank_pct,Full popularity rank,full,high_top_5_10,High Top 5-10%,8440,0.05000236978055832,168792,0.3207303559511037,0.0,1.3979963369642816,0.9033684005401976
full_popularity_rank_pct,Full popularity rank,full,high_top_10_20,High Top 10-20%,16879,0.09999881510972083,168792,0.3709070910331241,0.0,1.1127285978988593,0.8210597824396838
full_popularity_rank_pct,Full popularity rank,full,high_top_20_50,High Top 20-50%,50638,0.30000236978055833,168792,0.28141756972827614,0.0,0.42987001291827537,0.6240338352647237
full_popularity_rank_pct,Full popularity rank,full,high_bottom_50,High Bottom 50%,84396,0.5,168792,-0.7820565061560195,0.0,-0.7820565061560177,0.27435532850061184
full_prestige_rank_pct,Full prestige rank,full,interaction_top_1,Interaction Top 1%,1687,0.009994549504715863,168792,0.1618556409420394,0.0,1.6108867931840256,0.9650259230393605
full_prestige_rank_pct,Full prestige rank,full,interaction_top_1_5,Interaction Top 1-5%,6752,0.04000189582444666,168792,0.2802420563077246,0.0,1.372866195699793,0.8963152951758231
full_prestige_rank_pct,Full prestige rank,full,interaction_top_5_10,Interaction Top 5-10%,8440,0.05000236978055832,168792,0.2674498779305321,0.0,1.165757910752388,0.8365282832748077
full_prestige_rank_pct,Full prestige rank,full,interaction_top_10_20,Interaction Top 10-20%,16879,0.09999881510972083,168792,0.31307827394487214,0.0,0.9392410046109404,0.7711384850506607
full_prestige_rank_pct,Full prestige rank,full,interaction_top_20_50,Interaction Top 20-50%,50638,0.30000236978055833,168792,0.29832076147504044,0.0,0.4556899191222631,0.6315493106716532
full_prestige_rank_pct,Full prestige rank,full,interaction_bottom_50,Interaction Bottom 50%,84396,0.5,168792,-0.7198780793113146,0.0,-0.7198780793113166,0.29219206124703523
full_prestige_rank_pct,Full prestige rank,full,high_top_1,High Top 1%,1687,0.009994549504715863,168792,0.16496252446530013,0.0,1.64180840707683,0.973952224072065
full_prestige_rank_pct,Full prestige rank,full,high_top_1_5,High Top 1-5%,6752,0.04000189582444666,168792,0.2952607482530354,0.0,1.4464406432577495,0.9175544086805062
full_prestige_rank_pct,Full prestige rank,full,high_top_5_10,High Top 5-10%,8440,0.05000236978055832,168792,0.2788373073378239,0.0,1.2153933266194696,0.8508567935993012
full_prestige_rank_pct,Full prestige rank,full,high_top_10_20,High Top 10-20%,16879,0.09999881510972083,168792,0.3120213160020641,0.0,0.9360701099093485,0.7702231265979118
full_prestige_rank_pct,Full prestige rank,full,high_top_20_50,High Top 20-50%,50638,0.30000236978055833,168792,0.23936139028245026,0.0,0.3656285001402128,0.6055508184825572
full_prestige_rank_pct,Full prestige rank,full,high_bottom_50,High Bottom 50%,84396,0.5,168792,-0.6766747364560314,0.0,-0.6766747364560323,0.30466379203322025
full_prestige_gap,Full prestige gap,full,interaction_top_1,Interaction Top 1%,1687,0.009994549504715863,168792,-0.01786791664046347,2.113066685003634e-13,-0.1778324856045195,-0.02762516550184998
full_prestige_gap,Full prestige gap,full,interaction_top_1_5,Interaction Top 1-5%,6752,0.04000189582444666,168792,-0.0808042213375798,1.91064340350801e-242,-0.39584845117748896,-0.06149258354150339
full_prestige_gap,Full prestige gap,full,interaction_top_5_10,Interaction Top 5-10%,8440,0.05000236978055832,168792,-0.10608183918989791,0.0,-0.46238848258105253,-0.07182916166317263
full_prestige_gap,Full prestige gap,full,interaction_top_10_20,Interaction Top 10-20%,16879,0.09999881510972083,168792,-0.1392963622555824,0.0,-0.41789183763872667,-0.06491688589628897
full_prestige_gap,Full prestige gap,full,interaction_top_20_50,Interaction Top 20-50%,50638,0.30000236978055833,168792,-0.0726874652988139,1.82721866211734e-196,-0.11103131079259455,-0.01724802038337372
full_prestige_gap,Full prestige gap,full,interaction_bottom_50,Interaction Bottom 50%,84396,0.5,168792,0.23166181788199422,0.0,0.23166181788199422,0.03598721593354862
full_prestige_gap,Full prestige gap,full,high_top_1,High Top 1%,1687,0.009994549504715863,168792,-0.012780460675530502,1.513259480750084e-07,-0.12719899778094465,-0.019759569537719717
full_prestige_gap,Full prestige gap,full,high_top_1_5,High Top 1-5%,6752,0.04000189582444666,168792,-0.05592602829688076,5.2732908742043304e-117,-0.2739737023062282,-0.04256010280481498
full_prestige_gap,Full prestige gap,full,high_top_5_10,High Top 5-10%,8440,0.05000236978055832,168792,-0.07755245521629642,1.957899357411059e-223,-0.338034882895517,-0.05251160694089632
full_prestige_gap,Full prestige gap,full,high_top_10_20,High Top 10-20%,16879,0.09999881510972083,168792,-0.10908350162253637,0.0,-0.32725265908573126,-0.05083665584177189
full_prestige_gap,Full prestige gap,full,high_top_20_50,High Top 20-50%,50638,0.30000236978055833,168792,-0.07789204854292363,2.204652520628546e-225,-0.11898139816112961,-0.018483016782166486
full_prestige_gap,Full prestige gap,full,high_bottom_50,High Bottom 50%,84396,0.5,168792,0.1951057779001089,0.0,0.19510577790010913,0.030308463532608458
pos8_in_degree,Pos8 in-degree,pos8,interaction_top_1,Interaction Top 1%,1687,0.009994549504715863,142622,0.5216704178995951,0.0,4.7810526710234855,1422.9058402860549
pos8_in_degree,Pos8 in-degree,pos8,interaction_top_1_5,Interaction Top 1-5%,6752,0.04000189582444666,142622,0.13989968164767014,0.0,0.6313583162093513,226.37303370786518
pos8_in_degree,Pos8 in-degree,pos8,interaction_top_5_10,Interaction Top 5-10%,8440,0.05000236978055832,142622,0.03882854610089046,1.0163882334706223e-48,0.15640184267186158,89.42294685990338
pos8_in_degree,Pos8 in-degree,pos8,interaction_top_10_20,Interaction Top 10-20%,16879,0.09999881510972083,142622,0.0035089559917935325,0.18511768961220354,0.009752873301894588,47.13783188547657
pos8_in_degree,Pos8 in-degree,pos8,interaction_top_20_50,Interaction Top 20-50%,50638,0.30000236978055833,142622,-0.06893631310304531,9.14185511747701e-150,-0.098493802797745,15.925726105685163
pos8_in_degree,Pos8 in-degree,pos8,interaction_bottom_50,Interaction Bottom 50%,84396,0.5,142622,-0.12815262964514115,0.0,-0.14458529185474125,2.635595786387034
pos8_in_degree,Pos8 in-degree,pos8,high_top_1,High Top 1%,1687,0.009994549504715863,142622,0.6051854130937401,0.0,5.531467183566397,1639.2821576763486
pos8_in_degree,Pos8 in-degree,pos8,high_top_1_5,High Top 1-5%,6752,0.04000189582444666,142622,0.15480492055555278,0.0,0.6944329697213085,244.56013033175356
pos8_in_degree,Pos8 in-degree,pos8,high_top_5_10,High Top 5-10%,8440,0.05000236978055832,142622,0.03490942449284634,1.0347738683887167e-39,0.13919338495717404,84.46101895734597
pos8_in_degree,Pos8 in-degree,pos8,high_top_10_20,High Top 10-20%,16879,0.09999881510972083,142622,-0.010273298943152442,0.00010453662488916014,-0.028040030266182802,36.24053557675218
pos8_in_degree,Pos8 in-degree,pos8,high_top_20_50,High Top 20-50%,50638,0.30000236978055833,142622,-0.08916182020179556,1.5412000139481377e-249,-0.1201702042336999,9.675500612188475
pos8_in_degree,Pos8 in-degree,pos8,high_bottom_50,High Bottom 50%,84396,0.5,142622,-0.12320534334274785,0.0,-0.14833102473850754,1.5555421976436643
pos8_in_strength,Pos8 in-strength,pos8,interaction_top_1,Interaction Top 1%,1687,0.009994549504715863,142622,0.5104561226882186,0.0,4.678274874479311,13209.805125148987
pos8_in_strength,Pos8 in-strength,pos8,interaction_top_1_5,Interaction Top 1-5%,6752,0.04000189582444666,142622,0.13659203622210836,0.0,0.6164311239391085,2098.3731835205995
pos8_in_strength,Pos8 in-strength,pos8,interaction_top_5_10,Interaction Top 5-10%,8440,0.05000236978055832,142622,0.03780899565739724,2.766289964162732e-46,0.15229508143375392,828.6995169082126
pos8_in_strength,Pos8 in-strength,pos8,interaction_top_10_20,Interaction Top 10-20%,16879,0.09999881510972083,142622,0.0035261026408194888,0.18297960022097048,0.009800531094096293,438.89661079163096
pos8_in_strength,Pos8 in-strength,pos8,interaction_top_20_50,Interaction Top 20-50%,50638,0.30000236978055833,142622,-0.06731653287335707,6.889245888577941e-143,-0.09617951722984544,148.9814475199386
pos8_in_strength,Pos8 in-strength,pos8,interaction_bottom_50,Interaction Bottom 50%,84396,0.5,142622,-0.125372791489298,0.0,-0.1414490026331741,25.14389073929465
pos8_in_strength,Pos8 in-strength,pos8,high_top_1,High Top 1%,1687,0.009994549504715863,142622,0.5973920419586415,0.0,5.460234837659752,15348.906342620036
pos8_in_strength,Pos8 in-strength,pos8,high_top_1_5,High Top 1-5%,6752,0.04000189582444666,142622,0.15094393061835923,0.0,0.6771131151680629,2264.3726303317535
pos8_in_strength,Pos8 in-strength,pos8,high_top_5_10,High Top 5-10%,8440,0.05000236978055832,142622,0.03380555466275532,2.401759883941792e-37,0.13479195524486437,780.8186018957346
pos8_in_strength,Pos8 in-strength,pos8,high_top_10_20,High Top 10-20%,16879,0.09999881510972083,142622,-0.010522792202912586,7.066304184297854e-05,-0.028720999309680282,333.518514129984
pos8_in_strength,Pos8 in-strength,pos8,high_top_20_50,High Top 20-50%,50638,0.30000236978055833,142622,-0.08758589755141688,7.758443516638463e-241,-0.11804621275030572,89.16371104703977
pos8_in_strength,Pos8 in-strength,pos8,high_bottom_50,High Bottom 50%,84396,0.5,142622,-0.12066326749494045,0.0,-0.14527053478541102,14.689846460344176
pos8_mean_rating,Pos8 mean rating,pos8,interaction_top_1,Interaction Top 1%,1687,0.009994549504715863,142622,-0.05251029738684801,1.2367529182357204e-87,-0.481251167333676,9.023691273662552
pos8_mean_rating,Pos8 mean rating,pos8,interaction_top_1_5,Interaction Top 1-5%,6752,0.04000189582444666,142622,-0.08726506893721983,4.385817866120721e-239,-0.39382167521189404,9.080590153003802
pos8_mean_rating,Pos8 mean rating,pos8,interaction_top_5_10,Interaction Top 5-10%,8440,0.05000236978055832,142622,-0.08828662437279625,1.096311279899899e-244,-0.3556195665762334,9.10545198300064
pos8_mean_rating,Pos8 mean rating,pos8,interaction_top_10_20,Interaction Top 10-20%,16879,0.09999881510972083,142622,-0.10809827761528179,0.0,-0.3004508486856158,9.141355636864915
pos8_mean_rating,Pos8 mean rating,pos8,interaction_top_20_50,Interaction Top 20-50%,50638,0.30000236978055833,142622,-0.1450321368860834,0.0,-0.20721686505689377,9.202032063734755
pos8_mean_rating,Pos8 mean rating,pos8,interaction_bottom_50,Interaction Bottom 50%,84396,0.5,142622,0.29676088540828566,0.0,0.3348137244365559,9.55478411984753
pos8_mean_rating,Pos8 mean rating,pos8,high_top_1,High Top 1%,1687,0.009994549504715863,142622,-0.004547203459383238,0.08593165369885729,-0.04156198442390839,9.309839816435598
pos8_mean_rating,Pos8 mean rating,pos8,high_top_1_5,High Top 1-5%,6752,0.04000189582444666,142622,-0.027651448728140113,1.5516392149936885e-25,-0.12404048649402108,9.256163028161485
pos8_mean_rating,Pos8 mean rating,pos8,high_top_5_10,High Top 5-10%,8440,0.05000236978055832,142622,-0.035990540290219204,4.2160679935614317e-42,-0.1435040881427247,9.243496168331014
pos8_mean_rating,Pos8 mean rating,pos8,high_top_10_20,High Top 10-20%,16879,0.09999881510972083,142622,-0.07581792131697387,8.071140380555009e-181,-0.20693808485579515,9.202213493143072
pos8_mean_rating,Pos8 mean rating,pos8,high_top_20_50,High Top 20-50%,50638,0.30000236978055833,142622,-0.12078029910615322,0.0,-0.1627848464527143,9.230948302455735
pos8_mean_rating,Pos8 mean rating,pos8,high_bottom_50,High Bottom 50%,84396,0.5,142622,0.19764298894270327,0.0,0.23794899057824256,9.491744810451229
pos8_authority_score,Pos8 authority,pos8,interaction_top_1,Interaction Top 1%,1687,0.009994549504715863,142622,0.5073470293861981,0.0,4.64978037234532,0.012591427296362753
pos8_authority_score,Pos8 authority,pos8,interaction_top_1_5,Interaction Top 1-5%,6752,0.04000189582444666,142622,0.16700861728458524,0.0,0.7536992090289253,0.0024651320727428635
pos8_authority_score,Pos8 authority,pos8,interaction_top_5_10,Interaction Top 5-10%,8440,0.05000236978055832,142622,0.05689574360021608,1.4253799335937351e-102,0.22917672776461695,0.0011018469474949008
pos8_authority_score,Pos8 authority,pos8,interaction_top_10_20,Interaction Top 10-20%,16879,0.09999881510972083,142622,0.019263639693247795,3.4491476179018656e-13,0.053541804941691466,0.0006453546400890842
pos8_authority_score,Pos8 authority,pos8,interaction_top_20_50,Interaction Top 20-50%,50638,0.30000236978055833,142622,-0.0663070869508686,1.0984905426523823e-138,-0.09473725605936606,0.00025996288764937374
pos8_authority_score,Pos8 authority,pos8,interaction_bottom_50,Interaction Bottom 50%,84396,0.5,142622,-0.15768658031957097,0.0,-0.17790630048102013,4.37984234154872e-05
pos8_authority_score,Pos8 authority,pos8,high_top_1,High Top 1%,1687,0.009994549504715863,142622,0.6101875640640136,0.0,5.577187442747579,0.015001848792657197
pos8_authority_score,Pos8 authority,pos8,high_top_1_5,High Top 1-5%,6752,0.04000189582444666,142622,0.20079753461707497,0.0,0.9007493287451058,0.0028473296868313674
pos8_authority_score,Pos8 authority,pos8,high_top_5_10,High Top 5-10%,8440,0.05000236978055832,142622,0.05771346196324984,1.721042953875634e-105,0.2301192942870804,0.0011042967698867527
pos8_authority_score,Pos8 authority,pos8,high_top_10_20,High Top 10-20%,16879,0.09999881510972083,142622,0.002038590972542189,0.4413742704192789,0.005564147688756972,0.0005206560259905748
pos8_authority_score,Pos8 authority,pos8,high_top_20_50,High Top 20-50%,50638,0.30000236978055833,142622,-0.09824318181908039,9.353631146116243e-303,-0.1324098498331203,0.00016204813936732929
pos8_authority_score,Pos8 authority,pos8,high_bottom_50,High Bottom 50%,84396,0.5,142622,-0.15437509443633857,0.0,-0.1858573283477152,2.313292592342568e-05
pos8_popularity_rank_pct,Pos8 popularity rank,pos8,interaction_top_1,Interaction Top 1%,1687,0.009994549504715863,142622,0.17394979516325904,0.0,1.5942309631775176,0.9652725924116972
pos8_popularity_rank_pct,Pos8 popularity rank,pos8,interaction_top_1_5,Interaction Top 1-5%,6752,0.04000189582444666,142622,0.29270468427925095,0.0,1.3209575206793576,0.8988071407789885
pos8_popularity_rank_pct,Pos8 popularity rank,pos8,interaction_top_5_10,Interaction Top 5-10%,8440,0.05000236978055832,142622,0.2727074698771853,0.0,1.0984689122365872,0.8446935551041523
pos8_popularity_rank_pct,Pos8 popularity rank,pos8,interaction_top_10_20,Interaction Top 10-20%,16879,0.09999881510972083,142622,0.31044886188961746,0.0,0.8628687346914139,0.7873909791123721
pos8_popularity_rank_pct,Pos8 popularity rank,pos8,interaction_top_20_50,Interaction Top 20-50%,50638,0.30000236978055833,142622,0.21468528939820175,0.0,0.30673486303155933,0.6521283329868968
pos8_popularity_rank_pct,Pos8 popularity rank,pos8,interaction_bottom_50,Interaction Bottom 50%,84396,0.5,142622,-0.6932158811525376,0.0,-0.7821050630979504,0.38730114456952924
pos8_popularity_rank_pct,Pos8 popularity rank,pos8,high_top_1,High Top 1%,1687,0.009994549504715863,142622,0.18778389048267824,0.0,1.7163672575936098,0.9949785305186016
pos8_popularity_rank_pct,Pos8 popularity rank,pos8,high_top_1_5,High Top 1-5%,6752,0.04000189582444666,142622,0.3596198569330969,0.0,1.6132037943276185,0.9698871564162146
pos8_popularity_rank_pct,Pos8 popularity rank,pos8,high_top_5_10,High Top 5-10%,8440,0.05000236978055832,142622,0.35815838915257475,0.0,1.4280750617121083,0.9248602240110882
pos8_popularity_rank_pct,Pos8 popularity rank,pos8,high_top_10_20,High Top 10-20%,16879,0.09999881510972083,142622,0.410123481049255,0.0,1.1193945474699194,0.8497830792956373
pos8_popularity_rank_pct,Pos8 popularity rank,pos8,high_top_20_50,High Top 20-50%,50638,0.30000236978055833,142622,0.21915677088281177,0.0,0.29537434135575497,0.6493652316878359
pos8_popularity_rank_pct,Pos8 popularity rank,pos8,high_bottom_50,High Bottom 50%,84396,0.5,142622,-0.8515271365525984,0.0,-1.0251819387907146,0.3281800892020794
pos8_prestige_rank_pct,Pos8 prestige rank,pos8,interaction_top_1,Interaction Top 1%,1687,0.009994549504715863,142622,0.1586213914343336,0.0,1.4537478093008263,0.9321198196215684
pos8_prestige_rank_pct,Pos8 prestige rank,pos8,interaction_top_1_5,Interaction Top 1-5%,6752,0.04000189582444666,142622,0.24532891532606368,0.0,1.107153705237252,0.8475792425329279
pos8_prestige_rank_pct,Pos8 prestige rank,pos8,interaction_top_5_10,Interaction Top 5-10%,8440,0.05000236978055832,142622,0.2166357093875762,0.0,0.8726111981814845,0.7903700786555354
pos8_prestige_rank_pct,Pos8 prestige rank,pos8,interaction_top_10_20,Interaction Top 10-20%,16879,0.09999881510972083,142622,0.2409116373948734,0.0,0.6695953673853776,0.7408508419102834
pos8_prestige_rank_pct,Pos8 prestige rank,pos8,interaction_top_20_50,Interaction Top 20-50%,50638,0.30000236978055833,142622,0.18621309542912098,0.0,0.2660547841039575,0.6424199875209076
pos8_prestige_rank_pct,Pos8 prestige rank,pos8,interaction_bottom_50,Interaction Bottom 50%,84396,0.5,142622,-0.5717404240999387,0.0,-0.6450531394677281,0.420184269296876
pos8_prestige_rank_pct,Pos8 prestige rank,pos8,high_top_1,High Top 1%,1687,0.009994549504715863,142622,0.18084792171144198,0.0,1.652971672018925,0.9807141266987793
pos8_prestige_rank_pct,Pos8 prestige rank,pos8,high_top_1_5,High Top 1-5%,6752,0.04000189582444666,142622,0.3254203496365263,0.0,1.4597896436033817,0.9335935323957425
pos8_prestige_rank_pct,Pos8 prestige rank,pos8,high_top_5_10,High Top 5-10%,8440,0.05000236978055832,142622,0.3042205855272742,0.0,1.2130103457269077,0.8733995936893305
pos8_prestige_rank_pct,Pos8 prestige rank,pos8,high_top_10_20,High Top 10-20%,16879,0.09999881510972083,142622,0.320811392314713,0.0,0.8756253663032668,0.7911052888321369
pos8_prestige_rank_pct,Pos8 prestige rank,pos8,high_top_20_50,High Top 20-50%,50638,0.30000236978055833,142622,0.14763777652099924,0.0,0.1989827228401561,0.626059897434879
pos8_prestige_rank_pct,Pos8 prestige rank,pos8,high_bottom_50,High Bottom 50%,84396,0.5,142622,-0.6810054906030617,0.0,-0.819885238196917,0.3775395550709448
pos8_prestige_gap,Pos8 prestige gap,pos8,interaction_top_1,Interaction Top 1%,1687,0.009994549504715863,142622,-0.02339889925991004,9.76187775588091e-19,-0.21444836810189707,-0.033152772790128786
pos8_prestige_gap,Pos8 prestige gap,pos8,interaction_top_1_5,Interaction Top 1-5%,6752,0.04000189582444666,142622,-0.07342606384350638,1.0913143263981218e-169,-0.33136713027601516,-0.05122789824606061
pos8_prestige_gap,Pos8 prestige gap,pos8,interaction_top_5_10,Interaction Top 5-10%,8440,0.05000236978055832,142622,-0.08723679609933653,6.253979145602421e-239,-0.35139084588111524,-0.05432347644861708
pos8_prestige_gap,Pos8 prestige gap,pos8,interaction_top_10_20,Interaction Top 10-20%,16879,0.09999881510972083,142622,-0.10831182831071395,0.0,-0.3010443964191732,-0.046540137202088674
pos8_prestige_gap,Pos8 prestige gap,pos8,interaction_top_20_50,Interaction Top 20-50%,50638,0.30000236978055833,142622,-0.04395287190074648,6.219848509799187e-62,-0.06279833229426704,-0.009708345465989227
pos8_prestige_gap,Pos8 prestige gap,pos8,interaction_bottom_50,Interaction Bottom 50%,84396,0.5,142622,0.18852952548765836,0.0,0.21270415239506896,0.032883124727346745
pos8_prestige_gap,Pos8 prestige gap,pos8,high_top_1,High Top 1%,1687,0.009994549504715863,142622,-0.010094960522283293,0.00013759124009423578,-0.09226914866131922,-0.014264403819822167
pos8_prestige_gap,Pos8 prestige gap,pos8,high_top_1_5,High Top 1-5%,6752,0.04000189582444666,142622,-0.05233444868566006,4.637516396934731e-87,-0.23476493181926086,-0.03629362402047198
pos8_prestige_gap,Pos8 prestige gap,pos8,high_top_5_10,High Top 5-10%,8440,0.05000236978055832,142622,-0.08348377574573944,6.363067770881291e-219,-0.33287255530197524,-0.05146063032175779
pos8_prestige_gap,Pos8 prestige gap,pos8,high_top_10_20,High Top 10-20%,16879,0.09999881510972083,142622,-0.1390618773788539,0.0,-0.3795566810770474,-0.058677790463500405
pos8_prestige_gap,Pos8 prestige gap,pos8,high_top_20_50,High Top 20-50%,50638,0.30000236978055833,142622,-0.11185112359992846,0.0,-0.15075031371445122,-0.023305334252956823
pos8_prestige_gap,Pos8 prestige gap,pos8,high_bottom_50,High Bottom 50%,84396,0.5,142622,0.26519839185591754,0.0,0.31928119475759675,0.04935946586886534
pos3_in_degree,Pos3 in-degree,pos3,interaction_top_1,Interaction Top 1%,1687,0.009994549504715863,112937,0.3215497530477618,0.0,2.732995033234657,401.41569390402077
pos3_in_degree,Pos3 in-degree,pos3,interaction_top_1_5,Interaction Top 1-5%,6752,0.04000189582444666,112937,0.3024957063307494,0.0,1.2452557673496194,204.83712061020182
pos3_in_degree,Pos3 in-degree,pos3,interaction_top_5_10,Interaction Top 5-10%,8440,0.05000236978055832,112937,0.14381581034070354,0.0,0.5246875836957462,109.62671059300557
pos3_in_degree,Pos3 in-degree,pos3,interaction_top_10_20,Interaction Top 10-20%,16879,0.09999881510972083,112937,0.049180932699178434,1.966456344261211e-61,0.12329462762915272,56.58969231761594
pos3_in_degree,Pos3 in-degree,pos3,interaction_top_20_50,Interaction Top 20-50%,50638,0.30000236978055833,112937,-0.1316170573043837,0.0,-0.16723154973068755,18.201768600398168
pos3_in_degree,Pos3 in-degree,pos3,interaction_bottom_50,Interaction Bottom 50%,84396,0.5,112937,-0.2032051491127517,0.0,-0.28250215332972395,2.9707860500142824
pos3_in_degree,Pos3 in-degree,pos3,high_top_1,High Top 1%,1687,0.009994549504715863,112937,0.06573954328017764,2.2086916319278915e-108,0.5932452595111111,118.68540145985402
pos3_in_degree,Pos3 in-degree,pos3,high_top_1_5,High Top 1-5%,6752,0.04000189582444666,112937,0.09606300081786258,1.087354839914581e-229,0.42060813170153744,95.87444186461869
pos3_in_degree,Pos3 in-degree,pos3,high_top_5_10,High Top 5-10%,8440,0.05000236978055832,112937,0.07335766688945812,1.52548402294611e-134,0.28516080868642285,77.97746077032811
pos3_in_degree,Pos3 in-degree,pos3,high_top_10_20,High Top 10-20%,16879,0.09999881510972083,112937,0.07537473219926663,5.9376394249098045e-142,0.20030040575983538,66.76465129559568
pos3_in_degree,Pos3 in-degree,pos3,high_top_20_50,High Top 20-50%,50638,0.30000236978055833,112937,-0.005684837024262356,0.05607576896504672,-0.007832444789095516,39.26355634254626
pos3_in_degree,Pos3 in-degree,pos3,high_bottom_50,High Bottom 50%,84396,0.5,112937,-0.13818754425618135,0.0,-0.16675024383480064,18.26536470792919
pos3_in_strength,Pos3 in-strength,pos3,interaction_top_1,Interaction Top 1%,1687,0.009994549504715863,112937,0.3479117898980735,0.0,2.9570577641027866,718.488326848249
pos3_in_strength,Pos3 in-strength,pos3,interaction_top_1_5,Interaction Top 1-5%,6752,0.04000189582444666,112937,0.3017193924283697,0.0,1.2420599885534895,341.778166216431
pos3_in_strength,Pos3 in-strength,pos3,interaction_top_5_10,Interaction Top 5-10%,8440,0.05000236978055832,112937,0.14337068786217716,0.0,0.5230636298540046,183.84604662949823
pos3_in_strength,Pos3 in-strength,pos3,interaction_top_10_20,Interaction Top 10-20%,16879,0.09999881510972083,112937,0.04915997752753313,2.2106877826408637e-61,0.12324209385349835,96.02270528284848
pos3_in_strength,Pos3 in-strength,pos3,interaction_top_20_50,Interaction Top 20-50%,50638,0.30000236978055833,112937,-0.13214268660743556,0.0,-0.16789940999692887,32.071623686281775
pos3_in_strength,Pos3 in-strength,pos3,interaction_bottom_50,Interaction Bottom 50%,84396,0.5,112937,-0.20848964166686204,0.0,-0.2898488201455468,5.284660728660833
pos3_in_strength,Pos3 in-strength,pos3,high_top_1,High Top 1%,1687,0.009994549504715863,112937,0.08401046431413901,5.7001019747032286e-176,0.7581252807200187,235.4788321167883
pos3_in_strength,Pos3 in-strength,pos3,high_top_1_5,High Top 1-5%,6752,0.04000189582444666,112937,0.10680632724447002,9.64612153526241e-284,0.4676473707226329,171.67351312734417
pos3_in_strength,Pos3 in-strength,pos3,high_top_5_10,High Top 5-10%,8440,0.05000236978055832,112937,0.0827478786482269,9.160912798095457e-171,0.32166306526585187,139.6071326676177
pos3_in_strength,Pos3 in-strength,pos3,high_top_10_20,High Top 10-20%,16879,0.09999881510972083,112937,0.07996450763038526,1.4361997965986543e-159,0.21249725017142504,115.62816760653865
pos3_in_strength,Pos3 in-strength,pos3,high_top_20_50,High Top 20-50%,50638,0.30000236978055833,112937,-0.009315331978972148,0.0017447744950164462,-0.012834461763107983,66.13262504170196
pos3_in_strength,Pos3 in-strength,pos3,high_bottom_50,High Bottom 50%,84396,0.5,112937,-0.151183395352594,0.0,-0.18243227473586476,28.87938758644687
pos3_mean_rating,Pos3 mean rating,pos3,interaction_top_1,Interaction Top 1%,1687,0.009994549504715863,112937,0.023229244019472083,5.837508559760926e-15,0.19743572473396725,2.0577177575189496
pos3_mean_rating,Pos3 mean rating,pos3,interaction_top_1_5,Interaction Top 1-5%,6752,0.04000189582444666,112937,0.009046943655376252,0.0023630057959841294,0.03724270635242084,1.9541764569638802
pos3_mean_rating,Pos3 mean rating,pos3,interaction_top_5_10,Interaction Top 5-10%,8440,0.05000236978055832,112937,0.007553830944641222,0.011131094086852169,0.02755887059010084,1.94791727688648
pos3_mean_rating,Pos3 mean rating,pos3,interaction_top_10_20,Interaction Top 10-20%,16879,0.09999881510972083,112937,0.019197716889001043,1.1029094279694641e-10,0.048127907000812216,1.9612121433085423
pos3_mean_rating,Pos3 mean rating,pos3,interaction_top_20_50,Interaction Top 20-50%,50638,0.30000236978055833,112937,0.06772770069559911,6.233297707176819e-115,0.0860542590678626,1.9857259695539453
pos3_mean_rating,Pos3 mean rating,pos3,interaction_bottom_50,Interaction Bottom 50%,84396,0.5,112937,-0.0975001325849939,1.3918085531226456e-236,-0.13554773353657049,1.8424927703067229
pos3_mean_rating,Pos3 mean rating,pos3,high_top_1,High Top 1%,1687,0.009994549504715863,112937,0.0016645270516790897,0.575904569335317,0.015020986357146746,1.9398133729036175
pos3_mean_rating,Pos3 mean rating,pos3,high_top_1_5,High Top 1-5%,6752,0.04000189582444666,112937,0.02002364985280995,1.6993371392915352e-11,0.08767277601919349,1.9867721034729158
pos3_mean_rating,Pos3 mean rating,pos3,high_top_5_10,High Top 5-10%,8440,0.05000236978055832,112937,0.03366078185240317,1.1040419622185892e-29,0.13084843317758105,2.0146788358615373
pos3_mean_rating,Pos3 mean rating,pos3,high_top_10_20,High Top 10-20%,16879,0.09999881510972083,112937,0.04012507373930721,1.7969506228422568e-41,0.10662815397975937,1.9990239762847213
pos3_mean_rating,Pos3 mean rating,pos3,high_top_20_50,High Top 20-50%,50638,0.30000236978055833,112937,0.06292798499395405,1.8683738780104413e-99,0.08670080884475738,1.986143869194327
pos3_mean_rating,Pos3 mean rating,pos3,high_bottom_50,High Bottom 50%,84396,0.5,112937,-0.11355839468227938,0.0,-0.13703036771283858,1.841534464680116
pos3_authority_score,Pos3 authority,pos3,interaction_top_1,Interaction Top 1%,1687,0.009994549504715863,112937,0.16661599311221298,0.0,1.4161437765604556,0.005099345044884892
pos3_authority_score,Pos3 authority,pos3,interaction_top_1_5,Interaction Top 1-5%,6752,0.04000189582444666,112937,0.28630901222802824,0.0,1.178621518453219,0.004466985710903645
pos3_authority_score,Pos3 authority,pos3,interaction_top_5_10,Interaction Top 5-10%,8440,0.05000236978055832,112937,0.19237923745970006,0.0,0.7018630080853697,0.003197703848696058
pos3_authority_score,Pos3 authority,pos3,interaction_top_10_20,Interaction Top 10-20%,16879,0.09999881510972083,112937,0.12392582703096204,0.0,0.31067708274008643,0.00215624325807428
pos3_authority_score,Pos3 authority,pos3,interaction_top_20_50,Interaction Top 20-50%,50638,0.30000236978055833,112937,-0.0834973321014958,7.60875902688063e-174,-0.10609102293951622,0.0010466748166476532
pos3_authority_score,Pos3 authority,pos3,interaction_bottom_50,Interaction Bottom 50%,84396,0.5,112937,-0.28715722297248275,0.0,-0.3992149519247554,0.0002662862586061332
pos3_authority_score,Pos3 authority,pos3,high_top_1,High Top 1%,1687,0.009994549504715863,112937,0.018287982820253946,7.929929728416018e-10,0.1650339897844659,0.0017684953055484823
pos3_authority_score,Pos3 authority,pos3,high_top_1_5,High Top 1-5%,6752,0.04000189582444666,112937,0.071790832081131,6.30257941799941e-129,0.3143333801553331,0.0021659774775818212
pos3_authority_score,Pos3 authority,pos3,high_top_5_10,High Top 5-10%,8440,0.05000236978055832,112937,0.08343634572927436,1.3584637068996707e-173,0.32433932035833335,0.002192616453368961
pos3_authority_score,Pos3 authority,pos3,high_top_10_20,High Top 10-20%,16879,0.09999881510972083,112937,0.10749011638812046,2.2198816352960737e-287,0.2856436540403659,0.002089596357586009
pos3_authority_score,Pos3 authority,pos3,high_top_20_50,High Top 20-50%,50638,0.30000236978055833,112937,0.0357462632781783,2.9057421480843507e-33,0.04925042395197458,0.0014602428530867337
pos3_authority_score,Pos3 authority,pos3,high_bottom_50,High Bottom 50%,84396,0.5,112937,-0.18347589856647073,0.0,-0.221399482771398,0.000739687246544763
pos3_popularity_rank_pct,Pos3 popularity rank,pos3,interaction_top_1,Interaction Top 1%,1687,0.009994549504715863,112937,0.113061732908916,0.0,0.9609621887754124,0.8509049792845942
pos3_popularity_rank_pct,Pos3 popularity rank,pos3,interaction_top_1_5,Interaction Top 1-5%,6752,0.04000189582444666,112937,0.26112503592113506,0.0,1.0749489998533457,0.8729057303783235
pos3_popularity_rank_pct,Pos3 popularity rank,pos3,interaction_top_5_10,Interaction Top 5-10%,8440,0.05000236978055832,112937,0.2727967830234812,0.0,0.9952527791310124,0.8575234532653673
pos3_popularity_rank_pct,Pos3 popularity rank,pos3,interaction_top_10_20,Interaction Top 10-20%,16879,0.09999881510972083,112937,0.3025247361834213,0.0,0.7584173916442599,0.8118115295699101
pos3_popularity_rank_pct,Pos3 popularity rank,pos3,interaction_top_20_50,Interaction Top 20-50%,50638,0.30000236978055833,112937,0.1296420619198773,0.0,0.1647221368504244,0.6972215923418482
pos3_popularity_rank_pct,Pos3 popularity rank,pos3,interaction_bottom_50,Interaction Bottom 50%,84396,0.5,112937,-0.6532825112861812,0.0,-0.9082137779323353,0.4901327565596186
pos3_popularity_rank_pct,Pos3 popularity rank,pos3,high_top_1,High Top 1%,1687,0.009994549504715863,112937,0.048620655352816115,4.422182118101778e-60,0.4387613887040645,0.7501142850396167
pos3_popularity_rank_pct,Pos3 popularity rank,pos3,high_top_1_5,High Top 1-5%,6752,0.04000189582444666,112937,0.1048779556806816,1.3071530231305553e-273,0.45920407045337236,0.7540599551447953
pos3_popularity_rank_pct,Pos3 popularity rank,pos3,high_top_5_10,High Top 5-10%,8440,0.05000236978055832,112937,0.12937442631408877,0.0,0.5029128868923893,0.7624962538883302
pos3_popularity_rank_pct,Pos3 popularity rank,pos3,high_top_10_20,High Top 10-20%,16879,0.09999881510972083,112937,0.17812825414386504,0.0,0.47335705933897154,0.7567916429844657
pos3_popularity_rank_pct,Pos3 popularity rank,pos3,high_top_20_50,High Top 20-50%,50638,0.30000236978055833,112937,0.13563753932567835,0.0,0.18687845114346,0.7014980130198708
pos3_popularity_rank_pct,Pos3 popularity rank,pos3,high_bottom_50,High Bottom 50%,84396,0.5,112937,-0.3714605828432868,0.0,-0.448239695535111,0.5789129864887539
pos3_prestige_rank_pct,Pos3 prestige rank,pos3,interaction_top_1,Interaction Top 1%,1687,0.009994549504715863,112937,0.05517269187087009,7.3868387069766e-77,0.4689373617117264,0.7560114414935671
pos3_prestige_rank_pct,Pos3 prestige rank,pos3,interaction_top_1_5,Interaction Top 1-5%,6752,0.04000189582444666,112937,0.1825294344972831,0.0,0.7514018422802988,0.8105741806290542
pos3_prestige_rank_pct,Pos3 prestige rank,pos3,interaction_top_5_10,Interaction Top 5-10%,8440,0.05000236978055832,112937,0.1982824841225449,0.0,0.723400001967683,0.805165156792799
pos3_prestige_rank_pct,Pos3 prestige rank,pos3,interaction_top_10_20,Interaction Top 10-20%,16879,0.09999881510972083,112937,0.2134038442794974,0.0,0.5349948866567523,0.7687715573646187
pos3_prestige_rank_pct,Pos3 prestige rank,pos3,interaction_top_20_50,Interaction Top 20-50%,50638,0.30000236978055833,112937,0.10106499890212418,3.9442594032242175e-254,0.1284123557849027,0.690233340721053
pos3_prestige_rank_pct,Pos3 prestige rank,pos3,interaction_bottom_50,Interaction Bottom 50%,84396,0.5,112937,-0.4670078892333358,0.0,-0.6492489728062075,0.540015047354528
pos3_prestige_rank_pct,Pos3 prestige rank,pos3,high_top_1,High Top 1%,1687,0.009994549504715863,112937,-0.00809684068994001,0.006507552579872061,-0.07306732168569956,0.6513141709167571
pos3_prestige_rank_pct,Pos3 prestige rank,pos3,high_top_1_5,High Top 1-5%,6752,0.04000189582444666,112937,0.041952975362504044,3.547304944152611e-45,0.1836894791575389,0.7009110417072806
pos3_prestige_rank_pct,Pos3 prestige rank,pos3,high_top_5_10,High Top 5-10%,8440,0.05000236978055832,112937,0.08262617394833754,2.881073142814763e-170,0.32118996665035504,0.7274715608032434
pos3_prestige_rank_pct,Pos3 prestige rank,pos3,high_top_10_20,High Top 10-20%,16879,0.09999881510972083,112937,0.12463249666831888,0.0,0.3311977227000815,0.729404726281514
pos3_prestige_rank_pct,Pos3 prestige rank,pos3,high_top_20_50,High Top 20-50%,50638,0.30000236978055833,112937,0.11630449003414699,0.0,0.16024179638369876,0.6963817295759095
pos3_prestige_rank_pct,Pos3 prestige rank,pos3,high_bottom_50,High Bottom 50%,84396,0.5,112937,-0.2534647019226033,0.0,-0.3058546345592124,0.606347407659297
pos3_prestige_gap,Pos3 prestige gap,pos3,interaction_top_1,Interaction Top 1%,1687,0.009994549504715863,112937,-0.08389834169191852,1.665050830458136e-175,-0.7130894953807627,-0.09489353779102698
pos3_prestige_gap,Pos3 prestige gap,pos3,interaction_top_1_5,Interaction Top 1-5%,6752,0.04000189582444666,112937,-0.11378263272286218,0.0,-0.46839831659443376,-0.06233154974926926
pos3_prestige_gap,Pos3 prestige gap,pos3,interaction_top_5_10,Interaction Top 5-10%,8440,0.05000236978055832,112937,-0.10784468696617475,2.8218680991844236e-289,-0.39345304306011913,-0.05235829647256814
pos3_prestige_gap,Pos3 prestige gap,pos3,interaction_top_10_20,Interaction Top 10-20%,16879,0.09999881510972083,112937,-0.12901255918442808,0.0,-0.32342931642680794,-0.04303997220529143
pos3_prestige_gap,Pos3 prestige gap,pos3,interaction_top_20_50,Interaction Top 20-50%,50638,0.30000236978055833,112937,-0.041330427443261264,6.761279631907779e-44,-0.05251410093741774,-0.006988251620795212
pos3_prestige_gap,Pos3 prestige gap,pos3,interaction_bottom_50,Interaction Bottom 50%,84396,0.5,112937,0.2696290841351116,0.0,0.37484678513842856,0.04988229079490945
pos3_prestige_gap,Pos3 prestige gap,pos3,high_top_1,High Top 1%,1687,0.009994549504715863,112937,-0.08227298469242023,7.933240383543492e-169,-0.7424459574748163,-0.09880011412285956
pos3_prestige_gap,Pos3 prestige gap,pos3,high_top_1_5,High Top 1-5%,6752,0.04000189582444666,112937,-0.09121794316741443,3.2218749800971836e-207,-0.39939423426973386,-0.05314891343751481
pos3_prestige_gap,Pos3 prestige gap,pos3,high_top_5_10,High Top 5-10%,8440,0.05000236978055832,112937,-0.06770759872789316,7.276450162322979e-115,-0.2631974874085921,-0.03502469308508673
pos3_prestige_gap,Pos3 prestige gap,pos3,high_top_10_20,High Top 10-20%,16879,0.09999881510972083,112937,-0.0774451980351489,9.054252913129291e-150,-0.2058024504761307,-0.027386916702951496
pos3_prestige_gap,Pos3 prestige gap,pos3,high_top_20_50,High Top 20-50%,50638,0.30000236978055833,112937,-0.027905041557838753,6.627443128112276e-21,-0.03844695923671562,-0.005116283443961344
pos3_prestige_gap,Pos3 prestige gap,pos3,high_bottom_50,High Bottom 50%,84396,0.5,112937,0.17084631804469463,0.0,0.2061594288079723,0.027434421170543052
